http://www.myproviderguide.com/escorts/san-francisco/free-posts/w4m/5519219_first-time-visiting-san-franci.html	2014-04-03 01:07:19	2014-04-03 01:07:19
http://www.myproviderguide.com/escorts/san-francisco/free-posts/w4m/5446530_sexy-french-european-playmate.html	2014-04-03 01:07:20	2014-04-03 01:07:20
http://www.myproviderguide.com/escorts/san-francisco/free-posts/w4m/3125067_sweet-spanish-taste.html	2014-04-03 01:07:20	2014-04-03 01:07:20
http://www.myproviderguide.com/escorts/san-francisco/free-posts/w4m/5036951_the-ultimate-san-francisco-tre.html	2014-04-03 01:07:20	2014-04-03 01:07:20
http://www.myproviderguide.com/escorts/san-francisco/free-posts/w4m/5411812_vip-amy-hart.html	2014-04-03 01:07:20	2014-07-16 00:35:58
http://www.myproviderguide.com/escorts/san-francisco/free-posts/w4m/4796815_new-new-indian-goddess-visitin.html	2014-04-03 01:07:21	2014-04-03 01:07:21
http://www.myproviderguide.com/escorts/san-francisco/free-posts/w4m/4354274_lovely-busty-ebony-enchantress.html	2014-04-03 01:07:21	2014-04-03 01:07:21
http://www.myproviderguide.com/escorts/san-francisco/free-posts/w4m/5349457_blonde-bombshell.html	2014-04-03 01:07:21	2014-07-16 00:35:59
http://www.myproviderguide.com/escorts/san-francisco/free-posts/w4m/2293581_only-fbsm-and-massage-in-sacra.html	2014-04-03 01:07:24	2014-04-03 01:07:24
http://www.myproviderguide.com/escorts/san-francisco/free-posts/w4m/3581761_escort-paris.html	2014-04-03 01:07:24	2014-04-03 01:07:24
http://www.myproviderguide.com/escorts/san-francisco/free-posts/w4m/5318813_curvy-ultra-busty-ebony-pornst.html	2014-04-03 01:07:24	2014-04-03 01:07:24
http://www.myproviderguide.com/escorts/san-francisco/free-posts/w4m/5536239_lust-goddess.html	2014-04-03 01:07:25	2014-04-03 01:07:25
http://www.myproviderguide.com/escorts/san-francisco/free-posts/w4m/5537446_super-hott-outrageous-service.html	2014-04-03 01:07:25	2014-04-03 01:07:25
http://www.myproviderguide.com/escorts/san-francisco/free-posts/w4m/5124502_eastern-indian.html	2014-04-03 01:07:26	2014-04-03 01:07:26
http://www.myproviderguide.com/escorts/san-francisco/free-posts/w4m/5037186_dream-girls-discreet-outcall.html	2014-04-03 01:07:26	2014-07-16 00:36:01
http://www.myproviderguide.com/escorts/san-francisco/free-posts/w4m/3940088_new-hot-sexy-asian-girl-jessic.html	2014-04-03 01:07:26	2014-04-03 01:07:26
http://www.myproviderguide.com/escorts/san-francisco/free-posts/w4m/4251441_new-young-sexy-asian-girl-mich.html	2014-04-03 01:07:27	2014-04-03 01:07:27
http://www.myproviderguide.com/escorts/san-francisco/free-posts/w4m/4226016_sweet-super-hot-and-sexy-asian.html	2014-04-03 01:07:27	2014-04-03 01:07:27
http://www.myproviderguide.com/escorts/san-francisco/free-posts/w4m/4710080_hot-asian-girl-sexy-girl-gigi-.html	2014-04-03 01:07:27	2014-04-03 01:07:27
http://www.myproviderguide.com/escorts/san-francisco/free-posts/w4m/4710094_new-young-super-hot-and-sexy-k.html	2014-04-03 01:07:28	2014-04-03 01:07:28
http://www.myproviderguide.com/escorts/san-francisco/free-posts/w4m/4733620_new-beautiful-sexy-chinese-gir.html	2014-04-03 01:07:28	2014-04-03 01:07:28
http://www.myproviderguide.com/escorts/san-francisco/free-posts/w4m/5534638_young-ready-quick-and-go-speci.html	2014-04-03 01:07:28	2014-04-03 01:07:28
http://www.myproviderguide.com/escorts/san-francisco/free-posts/w4m/3479244_the-budapest-strapon-queen.html	2014-04-03 01:07:28	2014-04-03 01:07:28
http://www.myproviderguide.com/escorts/san-francisco/free-posts/w4m/4479549_luxury-hungarian-escort-couple.html	2014-04-03 01:07:29	2014-04-03 01:07:29
http://www.myproviderguide.com/escorts/san-francisco/free-posts/w4m/5534248_newbie-italian-armenian-portug.html	2014-04-03 01:07:29	2014-04-03 01:07:29
http://www.myproviderguide.com/escorts/san-francisco/free-posts/w4m/5533679_hot-busty-blonde-ready-to-have.html	2014-04-03 01:07:29	2014-04-03 01:07:29
http://www.myproviderguide.com/escorts/san-francisco/free-posts/w4m/3475821_im-back-well-reviewed-in-walnu.html	2014-04-03 01:07:30	2014-04-03 01:07:30
http://www.myproviderguide.com/escorts/san-francisco/free-posts/w4m/5529187_new-sexy-fun-college-girl-shor.html	2014-04-03 01:07:30	2014-04-03 01:07:30
http://www.myproviderguide.com/escorts/san-francisco/free-posts/w4m/5541402_biggest-tits-in-sf.html	2014-04-03 03:28:59	2014-04-03 03:28:59
http://www.myproviderguide.com/escorts/san-francisco/free-posts/w4m/5544776_ready-ride.html	2014-04-03 03:43:32	2014-04-03 03:43:32
http://www.myproviderguide.com/escorts/san-francisco/free-posts/w4m/5547099_avail-w-week-notice-hr-minimum.html	2014-04-03 03:56:39	2014-04-03 03:56:39
http://www.myproviderguide.com/escorts/san-francisco/free-posts/w4m/5547707_sweet-wet-wet.html	2014-04-03 03:57:53	2014-07-16 01:51:29
http://www.myproviderguide.com/escorts/san-francisco/free-posts/w4m/5547727_wet-treasure.html	2014-04-03 03:57:56	2014-04-03 03:57:56
http://www.myproviderguide.com/escorts/san-francisco/free-posts/w4m/5553190_diamond-in-the-rough.html	2014-04-03 04:06:26	2014-04-03 04:06:26
http://www.myproviderguide.com/escorts/san-francisco/free-posts/w4m/5375091_the-vonnie-pink-experience-ult.html	2014-04-03 04:13:27	2014-04-03 04:13:27
http://www.myproviderguide.com/escorts/san-francisco/free-posts/w4m/5570725_new-to-sf-bbw-here-to-help.html	2014-04-03 04:37:44	2014-04-03 04:37:44
http://www.myproviderguide.com/escorts/san-francisco/free-posts/w4m/5322126_your-exotic-puerto-rican-compa.html	2014-04-03 04:37:44	2014-04-03 04:37:44
http://www.myproviderguide.com/escorts/san-francisco/free-posts/w4m/5426713_hot-blonde-babe-fun-fun-fun-ou.html	2014-04-03 04:37:45	2014-04-03 04:37:45
http://www.myproviderguide.com/escorts/san-francisco/free-posts/w4m/3274653_sensuality-elegance-class-in-a.html	2014-04-03 04:37:45	2014-04-03 04:37:45
http://www.myproviderguide.com/escorts/san-francisco/free-posts/w4m/5582650_call-me-outcalls-only-sexy-asi.html	2014-04-03 04:37:46	2014-04-03 04:37:46
http://www.myproviderguide.com/escorts/san-francisco/free-posts/w4m/5582652_tel-new-asian-girl-kelly-outca.html	2014-04-03 04:37:46	2014-04-03 04:37:46
http://www.myproviderguide.com/escorts/san-francisco/free-posts/w4m/5582653_outcall-only-sexy-korean-ella-.html	2014-04-03 04:37:46	2014-04-03 04:37:46
http://www.myproviderguide.com/escorts/san-francisco/free-posts/w4m/5582655_new-open-call-busty-new-girl-s.html	2014-04-03 04:37:47	2014-04-03 04:37:47
http://www.myproviderguide.com/escorts/san-francisco/free-posts/w4m/5582657_sexy-asian-girl-sara-beautiful.html	2014-04-03 04:37:47	2014-04-03 04:37:47
http://www.myproviderguide.com/escorts/san-francisco/free-posts/w4m/5581031_japanese-sexy-amy-outcalls-onl.html	2014-04-03 04:37:47	2014-04-03 04:37:47
http://www.myproviderguide.com/escorts/san-francisco/free-posts/w4m/5581032_silm-girl-asian-girl-janna-out.html	2014-04-03 04:37:47	2014-04-03 04:37:47
http://www.myproviderguide.com/escorts/san-francisco/free-posts/w4m/5581034_outcall-only-b-r-u-n-n-e-t-t-e.html	2014-04-03 04:37:48	2014-04-03 04:37:48
http://www.myproviderguide.com/escorts/san-francisco/free-posts/w4m/5581035_just-visiting.html	2014-04-03 04:37:48	2014-04-03 04:37:48
http://www.myproviderguide.com/escorts/san-francisco/free-posts/w4m/5581036_the-miss-incredible-nichole-ou.html	2014-04-03 04:37:48	2014-04-03 04:37:48
http://www.myproviderguide.com/escorts/san-francisco/free-posts/w4m/5581037_new-pics-the-best-in-business-.html	2014-04-03 04:37:48	2014-04-03 04:37:48
http://www.myproviderguide.com/escorts/san-francisco/free-posts/w4m/5581041_call-outcall-gt-gt-gt-gt-gt-gt.html	2014-04-03 04:37:48	2014-04-03 04:37:48
http://www.myproviderguide.com/escorts/san-francisco/free-posts/w4m/5581040_call-outcalls-only-korean-sexy.html	2014-04-03 04:37:49	2014-04-03 04:37:49
http://www.myproviderguide.com/escorts/san-francisco/free-posts/w4m/5581043_outcall-only-asian-girl-cute-r.html	2014-04-03 04:37:49	2014-04-03 04:37:49
http://www.myproviderguide.com/escorts/san-francisco/free-posts/w4m/5581042_hot-sexy-and-ready-for-you-out.html	2014-04-03 04:37:49	2014-04-03 04:37:49
http://www.myproviderguide.com/escorts/san-francisco/free-posts/w4m/5581044_paris-incalls-and-outcalls-spe.html	2014-04-03 04:37:50	2014-04-03 04:37:50
http://www.myproviderguide.com/escorts/san-francisco/free-posts/w4m/5581047_exotic-dancer-specials-and-ope.html	2014-04-03 04:37:50	2014-04-03 04:37:50
http://www.myproviderguide.com/escorts/san-francisco/free-posts/w4m/5581048_gt-sexy-fun-girl-asian-sherry-.html	2014-04-03 04:37:50	2014-04-03 04:37:50
http://www.myproviderguide.com/escorts/san-francisco/free-posts/w4m/5581049_st-come-st-serve-winter-time-d.html	2014-04-03 04:37:50	2014-04-03 04:37:50
http://www.myproviderguide.com/escorts/san-francisco/free-posts/w4m/5581052_to-all-no-discrimination-visit.html	2014-04-03 04:37:51	2014-04-03 04:37:51
http://www.myproviderguide.com/escorts/san-francisco/free-posts/w4m/3450616_sexxy-freaky-salvadorian-hotti.html	2014-04-03 04:37:52	2014-04-03 04:37:52
http://www.myproviderguide.com/escorts/san-francisco/free-posts/w4m/5379352_dont-miss-your-chance-to-meet-.html	2014-04-03 04:37:52	2014-04-03 04:37:52
http://www.myproviderguide.com/escorts/san-francisco/free-posts/w4m/5493352_gnd-w-bush-north-bay-incall.html	2014-04-03 04:37:53	2014-04-03 04:37:53
http://www.myproviderguide.com/escorts/san-francisco/free-posts/w4m/5571365_super-sexy-chocolate-sex-kitte.html	2014-04-03 04:37:53	2014-04-03 04:37:53
http://www.myproviderguide.com/escorts/san-francisco/free-posts/w4m/5143371_the-all-exclusive-yugoslavian-.html	2014-04-03 04:37:54	2014-04-03 04:37:54
http://www.myproviderguide.com/escorts/san-francisco/free-posts/w4m/3254609_less-hassle-than-a-girlfriend-.html	2014-04-03 04:37:55	2014-04-03 04:37:55
http://www.myproviderguide.com/escorts/san-francisco/free-posts/w4m/3259832_japanese-hawaiian-young-fun.html	2014-04-03 04:37:55	2014-04-03 04:37:55
http://www.myproviderguide.com/escorts/san-francisco/free-posts/w4m/5561833_specials-freaky-latina-bombshe.html	2014-04-03 04:37:55	2014-04-03 04:37:55
http://www.myproviderguide.com/escorts/san-francisco/free-posts/w4m/5560943_belmont-incalls.html	2014-04-03 04:37:56	2014-04-03 04:37:56
http://www.myproviderguide.com/escorts/san-francisco/free-posts/w4m/5583321_new-beautiful-sexy-asian-girl-.html	2014-04-03 04:37:57	2014-04-03 04:37:57
http://www.myproviderguide.com/escorts/san-francisco/free-posts/w4m/5583325_late-night-girl-special.html	2014-04-03 04:37:58	2014-04-03 04:37:58
http://www.myproviderguide.com/escorts/san-francisco/free-posts/w4m/5582643_sn-w-playmate-phen-menal-servi.html	2014-04-03 04:37:58	2014-04-03 04:37:58
http://www.myproviderguide.com/escorts/san-francisco/free-posts/w4m/5584332_natural-big-booty-perfect-c-o-.html	2014-04-03 05:42:10	2014-04-03 05:42:10
http://www.myproviderguide.com/escorts/san-francisco/free-posts/w4m/5584340_new-here-nice-sexy-mix-beauty.html	2014-04-03 05:42:11	2014-04-03 05:42:11
http://www.myproviderguide.com/escorts/san-francisco/free-posts/w4m/5584341_new-in-town-let-play-im-ready.html	2014-04-03 05:42:12	2014-07-16 02:36:46
http://www.myproviderguide.com/escorts/san-francisco/free-posts/w4m/5584338_come-play-with-a-beautiful-pla.html	2014-04-03 05:42:12	2014-04-03 05:42:12
http://www.myproviderguide.com/escorts/san-francisco/free-posts/w4m/5584343_splash-zone-star-playmate.html	2014-04-03 05:42:12	2014-04-03 05:42:12
http://www.myproviderguide.com/escorts/san-francisco/free-posts/w4m/5584345_mixed-island-beauty-visting-fo.html	2014-04-03 05:42:12	2014-04-03 05:42:12
http://www.myproviderguide.com/escorts/san-francisco/free-posts/w4m/5584344_sasha-in-sf.html	2014-04-03 05:42:13	2014-04-03 05:42:13
http://www.myproviderguide.com/escorts/san-francisco/free-posts/w4m/5584346_usty-dds.html	2014-04-03 05:42:13	2014-04-03 05:42:13
http://www.myproviderguide.com/escorts/san-francisco/free-posts/w4m/5585188_arika.html	2014-04-03 05:44:38	2014-04-03 05:44:38
http://www.myproviderguide.com/escorts/san-francisco/free-posts/w4m/5585190_beautiful-latin-girl-dd-jessic.html	2014-04-03 05:44:39	2014-04-03 05:44:39
http://www.myproviderguide.com/escorts/san-francisco/free-posts/w4m/1737800_are-you-ready-for-a-romantic-r.html	2014-04-03 05:48:54	2014-04-03 05:48:54
http://www.myproviderguide.com/escorts/san-francisco/free-posts/w4m/3746764_new-beautiful-sweet-asian-girl.html	2014-04-03 05:48:55	2014-04-03 05:48:55
http://www.myproviderguide.com/escorts/san-francisco/free-posts/w4m/5586135_your-companion-of-quality-and-.html	2014-04-03 05:50:54	2014-04-03 05:50:54
http://www.myproviderguide.com/escorts/san-francisco/free-posts/w4m/5585930_sweet-honey-to-fulfill-you.html	2014-04-03 05:50:55	2014-04-03 05:50:55
http://www.myproviderguide.com/escorts/san-francisco/free-posts/w4m/5586943_outcall-only-b-r-u-n-n-e-t-t-e.html	2014-04-03 05:57:24	2014-04-03 05:57:24
http://www.myproviderguide.com/escorts/san-francisco/free-posts/w4m/5586946_sw-t-hocolate-tr-at-want-m.html	2014-04-03 05:57:25	2014-04-03 05:57:25
http://www.myproviderguide.com/escorts/san-francisco/free-posts/w4m/5586947_freaky-fun-female-new-to-the-a.html	2014-04-03 05:57:25	2014-04-03 05:57:25
http://www.myproviderguide.com/escorts/san-francisco/free-posts/w4m/5586951_pleasure-paris-hot-latina-spec.html	2014-04-03 05:57:26	2014-04-03 05:57:26
http://www.myproviderguide.com/escorts/san-francisco/free-posts/w4m/5586949_cherokee-cherries-native-spani.html	2014-04-03 05:57:26	2014-04-03 05:57:26
http://www.myproviderguide.com/escorts/san-francisco/free-posts/w4m/5586950_new-sexy-come-play.html	2014-04-03 05:57:26	2014-04-03 05:57:26
http://www.myproviderguide.com/escorts/san-francisco/free-posts/w4m/5586782_come-get-your-thanksgiving-mea.html	2014-04-03 05:58:20	2014-04-03 05:58:20
http://www.myproviderguide.com/escorts/san-francisco/free-posts/w4m/5587588_exxotic-beauty-also-avail-with.html	2014-04-03 05:58:42	2014-07-16 02:45:22
http://www.myproviderguide.com/escorts/san-francisco/free-posts/w4m/5587589_the-beautiful-phoenix.html	2014-04-03 05:59:27	2014-04-03 05:59:27
http://www.myproviderguide.com/escorts/san-francisco/free-posts/w4m/5587590_the-london-bridge-is-going-dow.html	2014-04-03 05:59:27	2014-04-03 05:59:27
http://www.myproviderguide.com/escorts/san-francisco/free-posts/w4m/5587591_complete-satisfaction-incall-s.html	2014-04-03 05:59:28	2014-04-03 05:59:28
http://www.myproviderguide.com/escorts/san-francisco/free-posts/w4m/5587592_must-see-new-in-town.html	2014-04-03 05:59:28	2014-04-03 05:59:28
http://www.myproviderguide.com/escorts/san-francisco/free-posts/w4m/5588508_sexy-upscale-filipino-and-blac.html	2014-04-03 06:02:24	2014-04-03 06:02:24
http://www.myproviderguide.com/escorts/san-francisco/free-posts/w4m/5588511_the-miss-incredible-nichole-ou.html	2014-04-03 06:02:25	2014-04-03 06:02:25
http://www.myproviderguide.com/escorts/san-francisco/free-posts/w4m/5588513_seductive-m-s-pass-on-at-your-.html	2014-04-03 06:02:25	2014-04-03 06:02:25
http://www.myproviderguide.com/escorts/san-francisco/free-posts/w4m/5588514_sweet-as-heaven-yet-hot-as-hel.html	2014-04-03 06:02:26	2014-04-03 06:02:26
http://www.myproviderguide.com/escorts/san-francisco/free-posts/w4m/5590317_hot-exotic-bombshell-new-in-to.html	2014-04-03 06:15:12	2014-04-03 06:15:12
http://www.myproviderguide.com/escorts/san-francisco/free-posts/w4m/4943657_madison-maxx.html	2014-04-03 06:15:56	2014-04-03 06:15:56
http://www.myproviderguide.com/escorts/san-francisco/free-posts/w4m/5590957_sexy-alessandra-visiting-sf.html	2014-04-03 06:20:46	2014-04-03 06:20:46
http://www.myproviderguide.com/escorts/san-francisco/free-posts/w4m/5590958_funday-friday-blonde-playmate-.html	2014-04-03 06:20:47	2014-04-03 06:20:47
http://www.myproviderguide.com/escorts/san-francisco/free-posts/w4m/5590960_new-beautiful-sexy-asian-girl-.html	2014-04-03 06:20:47	2014-04-03 06:20:47
http://www.myproviderguide.com/escorts/san-francisco/free-posts/w4m/5590961_morning-special.html	2014-04-03 06:20:47	2014-04-03 06:20:47
http://www.myproviderguide.com/escorts/san-francisco/free-posts/w4m/5591511_sexy-enticing-submissive-so-pl.html	2014-04-03 06:22:00	2014-04-03 06:22:00
http://www.myproviderguide.com/escorts/san-francisco/free-posts/w4m/5592019_sexy-latina-absolutely-gorgeou.html	2014-04-03 06:27:32	2014-04-03 06:27:32
http://www.myproviderguide.com/escorts/san-francisco/free-posts/w4m/5592021_incalls-or-outcalls-tonight-fu.html	2014-04-03 06:27:32	2014-04-03 06:27:32
http://www.myproviderguide.com/escorts/san-francisco/free-posts/w4m/5592023_is-lori-hot-enough-for-you.html	2014-04-03 06:27:33	2014-04-03 06:27:33
http://www.myproviderguide.com/escorts/san-francisco/free-posts/w4m/5592028_im-ready-for-a-long-night-with.html	2014-04-03 06:27:33	2014-04-03 06:27:33
http://www.myproviderguide.com/escorts/san-francisco/free-posts/w4m/5592036_sweet-an-tastefully.html	2014-04-03 06:27:34	2014-04-03 06:27:34
http://www.myproviderguide.com/escorts/san-francisco/free-posts/w4m/5592033_are-you-ready-for-something-ne.html	2014-04-03 06:27:35	2014-04-03 06:27:35
http://www.myproviderguide.com/escorts/san-francisco/free-posts/w4m/5592038_new-girl-need-to-relax-paradis.html	2014-04-03 06:27:35	2014-04-03 06:27:35
http://www.myproviderguide.com/escorts/san-francisco/free-posts/w4m/5592663_new-sexy-mixed-latina-asian-pl.html	2014-04-03 06:29:18	2014-04-03 06:29:18
http://www.myproviderguide.com/escorts/san-francisco/free-posts/w4m/5592664_girl-next-door-gone-wild-ready.html	2014-04-03 06:29:18	2014-04-03 06:29:18
http://www.myproviderguide.com/escorts/san-francisco/free-posts/w4m/5592666_sweet-beautiful-asian-girl-mim.html	2014-04-03 06:29:18	2014-07-16 02:59:52
http://www.myproviderguide.com/escorts/san-francisco/free-posts/w4m/5592667_are-you-visiting-germany-or-sw.html	2014-04-03 06:29:18	2014-04-03 06:29:18
http://www.myproviderguide.com/escorts/san-francisco/free-posts/w4m/5593672_ready-to-get-down-funloving-pr.html	2014-04-03 06:36:13	2014-04-03 06:36:13
http://www.myproviderguide.com/escorts/san-francisco/free-posts/w4m/5593680_ashley-is-back-in-town-and-cra.html	2014-04-03 06:36:14	2014-04-03 06:36:14
http://www.myproviderguide.com/escorts/san-francisco/free-posts/w4m/5593684_click-here-click-here-specials.html	2014-04-03 06:36:15	2014-04-03 06:36:15
http://www.myproviderguide.com/escorts/san-francisco/free-posts/w4m/5593688_sexy-exotic-mixed-ebony-incall.html	2014-04-03 06:36:15	2014-04-03 06:36:15
http://www.myproviderguide.com/escorts/san-francisco/free-posts/w4m/5595041_sweet-asian-hottie-double-d-s-.html	2014-04-03 06:43:13	2014-04-03 06:43:13
http://www.myproviderguide.com/escorts/san-francisco/free-posts/w4m/5595269_caution-your-new-asian-sexybom.html	2014-04-03 06:43:46	2014-04-03 06:43:46
http://www.myproviderguide.com/escorts/san-francisco/free-posts/w4m/5595274_o-o-gorgeous-hot-mixed-ebony-n.html	2014-04-03 06:43:47	2014-04-03 06:43:47
http://www.myproviderguide.com/escorts/san-francisco/free-posts/w4m/5595276_petite-sexy-asian-girl-cute-fa.html	2014-04-03 06:43:47	2014-04-03 06:43:47
http://www.myproviderguide.com/escorts/san-francisco/free-posts/w4m/5595277_incall-special-all-night-long-.html	2014-04-03 06:43:48	2014-04-03 06:43:48
http://www.myproviderguide.com/escorts/san-francisco/free-posts/w4m/5595279_sexy-ebony-ready-to-serve-you.html	2014-04-03 06:43:48	2014-04-03 06:43:48
http://www.myproviderguide.com/escorts/san-francisco/free-posts/w4m/5595275_is-lori-hot-enough-for-you.html	2014-04-03 06:43:48	2014-04-03 06:43:48
http://www.myproviderguide.com/escorts/san-francisco/free-posts/w4m/5595278_last-day-sweet-petite-erotic-e.html	2014-04-03 06:43:48	2014-04-03 06:43:48
http://www.myproviderguide.com/escorts/san-francisco/free-posts/w4m/5595281_sexy-young-bombshell-ready-to-.html	2014-04-03 06:43:49	2014-04-03 06:43:49
http://www.myproviderguide.com/escorts/san-francisco/free-posts/w4m/5596157_blonde-bombshell-ready-to-play.html	2014-04-03 06:50:15	2014-04-03 06:50:15
http://www.myproviderguide.com/escorts/san-francisco/free-posts/w4m/5596842_sexy-sasha-ready-for-fun.html	2014-04-03 06:55:57	2014-04-03 06:55:57
http://www.myproviderguide.com/escorts/san-francisco/free-posts/w4m/5596843_sexy-full-figure-beauty-up-all.html	2014-04-03 06:55:58	2014-04-03 06:55:58
http://www.myproviderguide.com/escorts/san-francisco/free-posts/w4m/5598554_try-me-try-me-local-hottie-gre.html	2014-04-03 06:59:45	2014-04-03 06:59:45
http://www.myproviderguide.com/escorts/san-francisco/free-posts/w4m/5597858_not-just-one-beauty-but-two-se.html	2014-04-03 06:59:47	2014-04-03 06:59:47
http://www.myproviderguide.com/escorts/san-francisco/free-posts/w4m/5597861_o-o-gorgeous-hot-exotic-mixed-.html	2014-04-03 06:59:48	2014-04-03 06:59:48
http://www.myproviderguide.com/escorts/san-francisco/free-posts/w4m/5597863_sweet.html	2014-04-03 06:59:49	2014-04-03 06:59:49
http://www.myproviderguide.com/escorts/san-francisco/free-posts/w4m/5599535_visiting-the-pacific-nw-s-most.html	2014-04-03 07:07:58	2014-04-03 07:07:58
http://www.myproviderguide.com/escorts/san-francisco/free-posts/w4m/5599570_taylor-tate-sinfully-seductive.html	2014-04-03 07:07:58	2014-04-03 07:07:58
http://www.myproviderguide.com/escorts/san-francisco/free-posts/w4m/5599568_your-late-night-getaway-miss-s.html	2014-04-03 07:07:59	2014-04-03 07:07:59
http://www.myproviderguide.com/escorts/san-francisco/free-posts/w4m/5599565_college-cutie.html	2014-04-03 07:07:59	2014-04-03 07:07:59
http://www.myproviderguide.com/escorts/san-francisco/free-posts/w4m/5599573_hey-im-heather-gold-and-i-prom.html	2014-04-03 07:07:59	2014-04-03 07:07:59
http://www.myproviderguide.com/escorts/san-francisco/free-posts/w4m/5599578_pretty-sweet-treat.html	2014-04-03 07:08:00	2014-04-03 07:08:00
http://www.myproviderguide.com/escorts/san-francisco/free-posts/w4m/5599579_sexy-honey-ready-to-please.html	2014-04-03 07:08:00	2014-04-03 07:08:00
http://www.myproviderguide.com/escorts/san-francisco/free-posts/w4m/5599583_new-real-killer-curves-service.html	2014-04-03 07:08:01	2014-04-03 07:08:01
http://www.myproviderguide.com/escorts/san-francisco/free-posts/w4m/5599586_t-t-ashley.html	2014-04-03 07:08:02	2014-04-03 07:08:02
http://www.myproviderguide.com/escorts/san-francisco/free-posts/w4m/5599593_sweet-temptations-incall-speci.html	2014-04-03 07:08:03	2014-04-03 07:08:03
http://www.myproviderguide.com/escorts/san-francisco/free-posts/w4m/5599592_drop-dead-gorgeous-redhead-ros.html	2014-04-03 07:08:04	2014-04-03 07:08:04
http://www.myproviderguide.com/escorts/san-francisco/free-posts/w4m/5599596_asian-goddess.html	2014-04-03 07:08:04	2014-04-03 07:08:04
http://www.myproviderguide.com/escorts/san-francisco/free-posts/w4m/5599598_sp-ci-lizing-in-kissing-warnin.html	2014-04-03 07:08:04	2014-04-03 07:08:04
http://www.myproviderguide.com/escorts/san-francisco/free-posts/w4m/5600425_blazing-hot-on-a-chilly-night-.html	2014-04-03 07:14:24	2014-04-03 07:14:24
http://www.myproviderguide.com/escorts/san-francisco/free-posts/w4m/3375107_come-see-this-sexy-irish-playm.html	2014-04-03 07:15:29	2014-04-03 07:15:29
http://www.myproviderguide.com/escorts/san-francisco/free-posts/w4m/5601278_new-real-killer-curves-service.html	2014-04-03 07:20:52	2014-04-03 07:20:52
http://www.myproviderguide.com/escorts/san-francisco/free-posts/w4m/5601268_every-boys-dream-every-mans-fa.html	2014-04-03 07:20:53	2014-04-03 07:20:53
http://www.myproviderguide.com/escorts/san-francisco/free-posts/w4m/5601267_new-visit-collage-coed.html	2014-04-03 07:20:53	2014-04-03 07:20:53
http://www.myproviderguide.com/escorts/san-francisco/free-posts/w4m/5601271_i-can-be-right-over-warm-you-r.html	2014-04-03 07:20:54	2014-04-03 07:20:54
http://www.myproviderguide.com/escorts/san-francisco/free-posts/w4m/5601272_i-n-c-r-e-d-i-b-l-e-no-bs-real.html	2014-04-03 07:20:54	2014-04-03 07:20:54
http://www.myproviderguide.com/escorts/san-francisco/free-posts/w4m/5601273_t-h-p-l-u-i-l-l-u.html	2014-04-03 07:20:54	2014-04-03 07:20:54
http://www.myproviderguide.com/escorts/san-francisco/free-posts/w4m/5601270_tired-of-fake-pics-come-see-ch.html	2014-04-03 07:20:55	2014-04-03 07:20:55
http://www.myproviderguide.com/escorts/san-francisco/free-posts/w4m/5601274_fun-f-irty-small-town-girl-new.html	2014-04-03 07:20:55	2014-04-03 07:20:55
http://www.myproviderguide.com/escorts/san-francisco/free-posts/w4m/5601275_all-natural-redhead-with-freck.html	2014-04-03 07:20:55	2014-04-03 07:20:55
http://www.myproviderguide.com/escorts/san-francisco/free-posts/w4m/5601276_delicious-girl-blair-waiting-f.html	2014-04-03 07:20:55	2014-04-03 07:20:55
http://www.myproviderguide.com/escorts/san-francisco/free-posts/w4m/5601279_b-i-g-b-o-o-t-y-b-o-m-b-s-h-e-.html	2014-04-03 07:20:56	2014-04-03 07:20:56
http://www.myproviderguide.com/escorts/san-francisco/free-posts/w4m/5602304_hi-it-s-deja-n-i-wanna-have-so.html	2014-04-03 07:27:33	2014-04-03 07:27:33
http://www.myproviderguide.com/escorts/san-francisco/free-posts/w4m/5602307_hot-i-l-v-what-i-o-ddi-v.html	2014-04-03 07:27:33	2014-04-03 07:27:33
http://www.myproviderguide.com/escorts/san-francisco/free-posts/w4m/5602311_fun-f-irty-small-town-girl-new.html	2014-04-03 07:27:34	2014-04-03 07:27:34
http://www.myproviderguide.com/escorts/san-francisco/free-posts/w4m/5602316_gentlemans-choice-masterpiece.html	2014-04-03 07:27:35	2014-04-03 07:27:35
http://www.myproviderguide.com/escorts/san-francisco/free-posts/w4m/5602315_gt-gt-gt-gt-light-skinned-beau.html	2014-04-03 07:27:35	2014-04-03 07:27:35
http://www.myproviderguide.com/escorts/san-francisco/free-posts/w4m/5603059_jessica-white-any-way-you-like.html	2014-04-03 07:29:19	2014-04-03 07:29:19
http://www.myproviderguide.com/escorts/san-francisco/free-posts/w4m/5603061_s-m-ny-o-o-ch-ic-s-but-o-o-n-n.html	2014-04-03 07:29:19	2014-04-03 07:29:19
http://www.myproviderguide.com/escorts/san-francisco/free-posts/w4m/5603063_satisfaction-real-exotic-barbi.html	2014-04-03 07:29:20	2014-04-03 07:29:20
http://www.myproviderguide.com/escorts/san-francisco/free-posts/w4m/5603064_open-minded-kinky-o-o-adventur.html	2014-04-03 07:29:20	2014-04-03 07:29:20
http://www.myproviderguide.com/escorts/san-francisco/free-posts/w4m/5603065_carribean-candy-yummy-and-read.html	2014-04-03 07:29:20	2014-04-03 07:29:20
http://www.myproviderguide.com/escorts/san-francisco/free-posts/w4m/5603792_sexy-ddd-squirter-babe.html	2014-04-03 07:35:15	2014-04-03 07:35:15
http://www.myproviderguide.com/escorts/san-francisco/free-posts/w4m/5603648_new-beautiful-smart-energetic-.html	2014-04-03 07:35:16	2014-04-03 07:35:16
